{
    "total_runtime": 1408.1997985839844,
    "num_documents": 1,
    "input_load_time": 0,
    "workflows": {
        "create_base_text_units": {
            "overall": 0.4886341094970703,
            "0_orderby": 0.0,
            "1_zip": 0.026196956634521484,
            "2_aggregate_override": 0.009006500244140625,
            "3_chunk": 0.3297231197357178,
            "4_select": 0.01689934730529785,
            "5_unroll": 0.0,
            "6_rename": 0.0,
            "7_genid": 0.020855426788330078,
            "8_unzip": 0.0011785030364990234,
            "9_copy": 0.0,
            "10_filter": 0.06824398040771484
        },
        "create_base_extracted_entities": {
            "overall": 928.5806751251221,
            "0_entity_extract": 928.525705575943,
            "1_merge_graphs": 0.03795337677001953
        },
        "create_summarized_entities": {
            "overall": 121.77656412124634,
            "0_summarize_descriptions": 121.76179575920105
        },
        "create_base_entity_graph": {
            "overall": 0.22229504585266113,
            "0_cluster_graph": 0.17998337745666504,
            "1_select": 0.02219867706298828
        },
        "create_final_entities": {
            "overall": 2.586249828338623,
            "0_unpack_graph": 0.030473709106445312,
            "1_rename": 0.010614871978759766,
            "2_select": 0.01407480239868164,
            "3_dedupe": 0.029105663299560547,
            "4_rename": 0.025299072265625,
            "5_filter": 0.1443476676940918,
            "6_text_split": 0.029759883880615234,
            "7_drop": 0.033263444900512695,
            "8_merge": 0.132110595703125,
            "9_text_embed": 2.0110983848571777,
            "10_drop": 0.04037928581237793,
            "11_filter": 0.07463264465332031
        },
        "create_final_nodes": {
            "overall": 1.152522325515747,
            "0_layout_graph": 0.13308143615722656,
            "1_unpack_graph": 0.08046579360961914,
            "2_unpack_graph": 0.1683974266052246,
            "3_filter": 0.18717241287231445,
            "4_drop": 0.03446006774902344,
            "5_select": 0.053781986236572266,
            "6_rename": 0.06070280075073242,
            "7_join": 0.07690215110778809,
            "8_convert": 0.27393531799316406,
            "9_rename": 0.05259203910827637
        },
        "create_final_communities": {
            "overall": 1.3384637832641602,
            "0_unpack_graph": 0.08718562126159668,
            "1_unpack_graph": 0.07869553565979004,
            "2_aggregate_override": 0.07317686080932617,
            "3_join": 0.08059954643249512,
            "4_join": 0.06350874900817871,
            "5_concat": 0.0652916431427002,
            "6_filter": 0.17018604278564453,
            "7_aggregate_override": 0.041440486907958984,
            "8_join": 0.06956958770751953,
            "9_filter": 0.23691344261169434,
            "10_fill": 0.09535074234008789,
            "11_merge": 0.07687735557556152,
            "12_copy": 0.06158566474914551,
            "13_select": 0.08751130104064941
        },
        "join_text_units_to_entity_ids": {
            "overall": 0.5242040157318115,
            "0_select": 0.08149147033691406,
            "1_unroll": 0.09031009674072266,
            "2_aggregate_override": 0.29240846633911133
        },
        "create_final_relationships": {
            "overall": 1.2416558265686035,
            "0_unpack_graph": 0.15973973274230957,
            "1_filter": 0.17333459854125977,
            "2_rename": 0.06750035285949707,
            "3_filter": 0.33202242851257324,
            "4_drop": 0.07274436950683594,
            "5_compute_edge_combined_degree": 0.08389639854431152,
            "6_convert": 0.21083998680114746,
            "7_convert": 0.06749367713928223
        },
        "join_text_units_to_relationship_ids": {
            "overall": 0.4846169948577881,
            "0_select": 0.08766055107116699,
            "1_unroll": 0.1732783317565918,
            "2_aggregate_override": 0.09447360038757324,
            "3_select": 0.0893242359161377
        },
        "create_final_community_reports": {
            "overall": 341.4023172855377,
            "0_prepare_community_reports_nodes": 0.05385994911193848,
            "1_prepare_community_reports_edges": 0.07283735275268555,
            "2_restore_community_hierarchy": 0.1881861686706543,
            "3_prepare_community_reports": 0.6045875549316406,
            "4_create_community_reports": 340.4271354675293,
            "5_window": 0.02877664566040039
        },
        "create_final_text_units": {
            "overall": 1.6083898544311523,
            "0_select": 0.5595407485961914,
            "1_rename": 0.20478224754333496,
            "2_join": 0.4215269088745117,
            "3_join": 0.18746042251586914,
            "4_aggregate_override": 0.08749055862426758,
            "5_select": 0.09866619110107422
        },
        "create_base_documents": {
            "overall": 0.9467172622680664,
            "0_unroll": 0.10567688941955566,
            "1_select": 0.21170353889465332,
            "2_rename": 0.0710458755493164,
            "3_join": 0.1971416473388672,
            "4_aggregate_override": 0.06019330024719238,
            "5_join": 0.09230256080627441,
            "6_rename": 0.057715654373168945,
            "7_convert": 0.07355666160583496
        },
        "create_final_documents": {
            "overall": 0.28928184509277344,
            "0_rename": 0.20042753219604492
        }
    }
}